{
  "appointment": [
    {
      "firstname": "Romu",
      "email": "wer@fas.com",
      "phone": "9090089808",
      "streetaddress": "dsafds",
      "city": "sdfds",
      "state": "dfads",
      "country": "India",
      "pincode": "34234",
      "lastname": "Tiwari",
      "age": 23,
      "preference": "Male",
      "slot2": "Monday 9 AM to 11 AM",
      "physchotherapist": "Yes",
      "package": "500",
      "id": 1
    },
    {
      "firstname": "Bhargavi",
      "lastname": "P",
      "age": 23,
      "email": "wer@fas.com",
      "phone": "987987978",
      "streetaddress": "dsafds",
      "city": "sdfds",
      "state": "dfads",
      "country": "India",
      "pincode": "34234",
      "preference": "Female",
      "physchotherapist": "Yes",
      "slot5": "Tuesday 3 PM to 5 PM",
      "package": "300",
      "id": 2
    },
    {
      "firstname": "Aparna",
      "lastname": "Y",
      "age": 22,
      "email": "wer@fas.com",
      "phone": "9747464643",
      "streetaddress": "dsafds",
      "city": "sdfds",
      "state": "dfads",
      "country": "India",
      "pincode": "34234",
      "preference": "Female",
      "physchotherapist": "Yes",
      "slot2": "Friday 9 AM to 11 AM",
      "package": "400",
      "id": 3
    },
    {
      "firstname": "Anusha",
      "lastname": "P",
      "age": 45,
      "email": "wer@fas.com",
      "phone": "967687368",
      "streetaddress": "dsafds",
      "city": "sdfds",
      "state": "dfads",
      "country": "India",
      "pincode": "34234",
      "preference": "Female",
      "physchotherapist": "Yes",
      "slot1": "Saturday 7 AM to 9 AM",
      "package": "400",
      "id": 4
    },
    {
      "firstname": "Sandeep",
      "lastname": "Villa",
      "age": 23,
      "email": "wer@fas.com",
      "phone": "8098097099",
      "streetaddress": "dsafds",
      "city": "sdfds",
      "state": "dfads",
      "country": "India",
      "pincode": "34234",
      "preference": "Male",
      "physchotherapist": "Yes",
      "slot2": "Monday 9 AM to 11 AM",
      "package": "500",
      "id": 5
    },
    {
      "firstname": "Romu",
      "lastname": "Tiwari",
      "age": 19,
      "email": "tromu98@gmail.com",
      "phone": "8989989989",
      "streetaddress": "sdfdsfsd",
      "city": "dsdsfs",
      "state": "dfsdfs",
      "country": "China",
      "pincode": "324234",
      "preference": "Male",
      "physchotherapist": "Yes",
      "slot1": "Sunday 7 AM to 9 AM",
      "package": "500",
      "id": 6
    },
    {
      "firstname": "Romu",
      "email": "wer@fas.com",
      "phone": "09090089808",
      "streetaddress": "dsafds",
      "city": "sdfds",
      "state": "dfads",
      "country": "India",
      "pincode": "34234",
      "lastname": "Tiwari",
      "age": 22,
      "preference": "Male",
      "physchotherapist": "Yes",
      "slot4": "Friday 1 PM to 3 PM",
      "package": "500",
      "id": 7
    },
    {
      "id": 8
    }
  ]
}